[
  {
    "value": "CSI",
    "synonyms": [
      "CSI",
      "computer science information"
    ]
  },
  {
    "value": "MATH",
    "synonyms": [
      "Mathematics",
      "MATH"
    ]
  },
  {
    "value": "ACC",
    "synonyms": [
      "ACC",
      "Accounting"
    ]
  },
  {
    "value": "PHIL",
    "synonyms": [
      "PHIL",
      "Philophosy"
    ]
  },
  {
    "value": "Homework",
    "synonyms": [
      "Homework",
      "assignment"
    ]
  },
  {
    "value": "class",
    "synonyms": [
      "class"
    ]
  },
  {
    "value": "classes",
    "synonyms": [
      "classes"
    ]
  },
  {
    "value": "ENG",
    "synonyms": [
      "ENG",
      "english"
    ]
  },
  {
    "value": "science",
    "synonyms": [
      "science"
    ]
  },
  {
    "value": "course",
    "synonyms": [
      "course"
    ]
  },
  {
    "value": "MACA",
    "synonyms": [
      "MACA",
      "Art"
    ]
  }
]