[
  {
    "id": "b22e350d-0c30-4d34-b668-2b3138bdcb86",
    "data": [
      {
        "text": "what is the name of my ",
        "userDefined": false
      },
      {
        "text": "course",
        "alias": "Type_Of_Class",
        "meta": "@Type_Of_Class",
        "userDefined": true
      },
      {
        "text": "?",
        "userDefined": false
      }
    ],
    "isTemplate": false,
    "count": 0,
    "updated": 1537692507
  },
  {
    "id": "9bd18628-1db2-41f1-b7a8-78b12f7a857d",
    "data": [
      {
        "text": "what is the name of my ",
        "userDefined": false
      },
      {
        "text": "class",
        "alias": "Type_Of_Class",
        "meta": "@Type_Of_Class",
        "userDefined": true
      },
      {
        "text": "?",
        "userDefined": false
      }
    ],
    "isTemplate": false,
    "count": 0,
    "updated": 1537692507
  },
  {
    "id": "36331ccc-4617-4ea7-95b1-2aeda60805b0",
    "data": [
      {
        "text": "what ",
        "userDefined": false
      },
      {
        "text": "time",
        "alias": "time",
        "meta": "@sys.time",
        "userDefined": true
      },
      {
        "text": " is my ",
        "userDefined": false
      },
      {
        "text": "class",
        "alias": "Type_Of_Class",
        "meta": "@Type_Of_Class",
        "userDefined": true
      },
      {
        "text": "?",
        "userDefined": false
      }
    ],
    "isTemplate": false,
    "count": 0,
    "updated": 1537692507
  },
  {
    "id": "bd695497-71f2-450f-bb80-9ffe6b226b1a",
    "data": [
      {
        "text": "when",
        "alias": "time",
        "meta": "@sys.time",
        "userDefined": true
      },
      {
        "text": " is my ",
        "userDefined": false
      },
      {
        "text": "class",
        "alias": "Type_Of_Class",
        "meta": "@Type_Of_Class",
        "userDefined": true
      },
      {
        "text": "?",
        "userDefined": false
      }
    ],
    "isTemplate": false,
    "count": 0,
    "updated": 1537709290
  }
]