[
  {
    "id": "a81c51d0-afbd-4ee1-99f7-eddc7a23a343",
    "data": [
      {
        "text": "Do I have ",
        "userDefined": false
      },
      {
        "text": "homework",
        "alias": "Kind_Of_Homework",
        "meta": "@Kind_Of_Homework",
        "userDefined": false
      },
      {
        "text": "?",
        "userDefined": false
      }
    ],
    "isTemplate": false,
    "count": 0,
    "updated": 1537708135
  },
  {
    "id": "2f555f03-c973-4cfb-8d86-bf0ef9da9e6e",
    "data": [
      {
        "text": "when",
        "alias": "date",
        "meta": "@sys.date",
        "userDefined": true
      },
      {
        "text": " is my ",
        "userDefined": false
      },
      {
        "text": "homework",
        "alias": "Kind_Of_Homework",
        "meta": "@Kind_Of_Homework",
        "userDefined": true
      },
      {
        "text": " due?",
        "userDefined": false
      }
    ],
    "isTemplate": false,
    "count": 0,
    "updated": 1537693066
  },
  {
    "id": "713de5b9-d228-4bb1-bf0c-897bed1ffc92",
    "data": [
      {
        "text": "remind me for what ",
        "userDefined": false
      },
      {
        "text": "homework",
        "alias": "Kind_Of_Homework",
        "meta": "@Kind_Of_Homework",
        "userDefined": true
      },
      {
        "text": " i have to do?",
        "userDefined": false
      }
    ],
    "isTemplate": false,
    "count": 0,
    "updated": 1537693066
  },
  {
    "id": "1fb4e9b3-ced1-480d-a01c-a86c0ec0f8c0",
    "data": [
      {
        "text": "what ",
        "userDefined": false
      },
      {
        "text": "homework",
        "alias": "Kind_Of_Homework",
        "meta": "@Kind_Of_Homework",
        "userDefined": true
      },
      {
        "text": " is due ",
        "userDefined": false
      },
      {
        "text": "this week?",
        "meta": "@sys.ignore",
        "userDefined": false
      }
    ],
    "isTemplate": false,
    "count": 0,
    "updated": 1537693066
  },
  {
    "id": "346f1908-98ed-44d4-9228-9c9baea5a9d9",
    "data": [
      {
        "text": "what ",
        "userDefined": false
      },
      {
        "text": "homework",
        "alias": "Kind_Of_Homework",
        "meta": "@Kind_Of_Homework",
        "userDefined": true
      },
      {
        "text": " do i need to do ",
        "userDefined": false
      },
      {
        "text": "today?",
        "alias": "date",
        "meta": "@sys.date",
        "userDefined": false
      }
    ],
    "isTemplate": false,
    "count": 0,
    "updated": 1537693066
  },
  {
    "id": "d37e0045-f87d-4223-af5b-ccd9c6a7771c",
    "data": [
      {
        "text": "what ",
        "userDefined": false
      },
      {
        "text": "homework",
        "alias": "Kind_Of_Homework",
        "meta": "@Kind_Of_Homework",
        "userDefined": true
      },
      {
        "text": " do i have due ",
        "userDefined": false
      },
      {
        "text": "tonight?",
        "alias": "date",
        "meta": "@sys.date",
        "userDefined": false
      }
    ],
    "isTemplate": false,
    "count": 0,
    "updated": 1537693066
  },
  {
    "id": "d0b88eec-7e89-4bc4-b7b1-7708ab7e0335",
    "data": [
      {
        "text": "what ",
        "userDefined": false
      },
      {
        "text": "time",
        "alias": "time",
        "meta": "@sys.time",
        "userDefined": true
      },
      {
        "text": " is my ",
        "userDefined": false
      },
      {
        "text": "homework",
        "alias": "Kind_Of_Homework",
        "meta": "@Kind_Of_Homework",
        "userDefined": true
      },
      {
        "text": " due",
        "userDefined": false
      }
    ],
    "isTemplate": false,
    "count": 1,
    "updated": 1537707807
  },
  {
    "id": "d0a71440-2f9c-485f-8ab7-125ba0816a0e",
    "data": [
      {
        "text": "what ",
        "userDefined": false
      },
      {
        "text": "time",
        "alias": "time",
        "meta": "@sys.time",
        "userDefined": true
      },
      {
        "text": " is my ",
        "userDefined": false
      },
      {
        "text": "homework",
        "alias": "Kind_Of_Homework",
        "meta": "@Kind_Of_Homework",
        "userDefined": true
      },
      {
        "text": " ",
        "userDefined": false
      },
      {
        "text": "due",
        "meta": "@sys.ignore",
        "userDefined": true
      },
      {
        "text": " tonight",
        "userDefined": false
      }
    ],
    "isTemplate": false,
    "count": 0,
    "updated": 1537650365
  },
  {
    "id": "01cb87e5-befd-425c-902e-9e1827ca7043",
    "data": [
      {
        "text": "what ",
        "userDefined": false
      },
      {
        "text": "homework",
        "alias": "Kind_Of_Homework",
        "meta": "@Kind_Of_Homework",
        "userDefined": true
      },
      {
        "text": " is due ",
        "userDefined": false
      },
      {
        "text": "today",
        "alias": "date",
        "meta": "@sys.date",
        "userDefined": false
      }
    ],
    "isTemplate": false,
    "count": 0,
    "updated": 1537710036
  }
]